Client ID,Workload Type,Total Start Time,Total End Time,Total Duration,Response Latency,Total Processing Time,Core Queueing Time
0,B,0,10,10,10,10,0
1,C,0,34.08279186146723,34.08279186146723,10.0,10.0,24.08279186146723
2,B,0,90.8048728472674,90.8048728472674,10.0,10.0,80.8048728472674
2,A,90.80837284725199,109.29280244141299,18.484429594161,10.0,10.0,8.484429594161
6,B,98.47508773932317,116.93536019493871,18.460272455615538,10.0,10.0,8.460272455615538
5,C,102.1520476520381,183.3490529898974,81.19700533785928,10.0,10.0,71.19700533785928
0,B,108.46627445084738,198.27849480355508,89.8122203527077,10.0,10.0,79.8122203527077
0,A,198.28199480357125,220.56059421482416,22.278599411252912,10.0,10.0,12.278599411252912
7,B,220.5317828788327,230.5317828788327,10.0,10.0,10.0,0.0
4,B,228.30633225176268,246.76650949251933,18.46017724075665,10.0,10.0,8.46017724075665
3,C,205.67532755454883,254.90516293769406,49.22983538314523,10.0,10.0,39.22983538314523
0,A,220.56409421484034,266.88940866149176,46.32531444665142,10.0,10.0,36.32531444665142
5,B,298.36773757391336,335.3813327004521,37.013595126538746,10.0,10.0,27.013595126538746
0,C,266.89290866150793,349.45971313507556,82.56680447356763,10.0,10.0,72.56680447356763
1,B,327.085765946237,351.25589897195215,24.17013302571513,10.0,10.0,14.170133025715131
1,B,351.2593989719683,370.58698881532354,19.327589843355213,10.0,10.0,9.327589843355213
7,A,331.341414973018,374.3276412993942,42.9862263263762,10.0,10.0,32.9862263263762
7,A,374.3311412994104,389.65706147528664,15.325920175876263,10.0,10.0,5.325920175876263
0,C,349.46321313509173,425.03708273857353,75.5738696034818,10.0,10.0,65.5738696034818
1,B,370.5904888153397,454.01597497847695,83.42548616313724,10.0,10.0,73.42548616313724
0,C,425.0405827385897,503.75958438701224,78.71900164842253,10.0,10.0,68.71900164842253
3,A,457.6657858509366,538.8313443512751,81.16555850033853,10.0,10.0,71.16555850033853
0,C,503.7630843870284,544.0739894788724,40.31090509184395,10.0,10.0,30.31090509184395
2,C,536.7193923501821,558.0373627356835,21.317970385501326,10.0,10.0,11.317970385501326
2,C,558.0408627356996,575.3662665394083,17.325403803708696,10.0,10.0,7.325403803708696
0,B,544.0774894788885,583.492658649201,39.415169170312424,10.0,10.0,29.415169170312424
1,C,565.5335060412527,585.3662665394083,19.832760498155608,13.7358488367679,10.0,9.832760498155608
4,A,554.6563500946378,590.2244740974892,35.56812400285139,10.0,10.0,25.56812400285139
0,C,583.4961586492171,600.7319936230741,17.23583497385698,10.0,10.0,7.235834973856981
1,A,585.3689177026627,623.9418524518535,38.572934749190836,10.0,10.0,28.572934749190836
2,B,575.3697665394245,652.2512520573127,76.88148551788822,10.0,10.0,66.88148551788822
6,B,662.1311858394798,679.1194490174344,16.988263177954536,10.0,10.0,6.988263177954536
7,C,619.0531783237043,717.0066094312537,97.95343110754936,10.0,10.0,87.95343110754936
3,C,720.3341348833932,730.3341348833932,10.0,10.0,10.0,0.0
0,B,702.8119960881336,747.4585290131051,44.64653292497155,10.0,10.0,34.64653292497155
4,A,702.0152463302895,749.3612972909378,47.34605096064831,10.0,10.0,37.34605096064831
5,B,776.8692324965166,793.6026465883297,16.733414091813074,10.0,10.0,6.733414091813074
3,C,730.3376348834094,801.5951770211115,71.2575421377021,10.0,10.0,61.2575421377021
3,B,801.5986770211276,826.4286973793556,24.830020358228012,10.0,10.0,14.830020358228012
5,A,793.6061465883458,837.6234830549605,44.017336466614665,10.0,10.0,34.017336466614665
0,C,833.1977249575693,848.5023055078456,15.304580550276228,10.0,10.0,5.304580550276228
3,B,826.4321973793718,850.083759967539,23.651562588167167,10.0,10.0,13.651562588167167
7,A,831.5987126239846,869.519865587168,37.92115296318343,10.0,10.0,27.92115296318343
1,B,842.1524168292304,883.6862601311954,41.53384330196491,10.0,10.0,31.533843301964907
2,C,850.0211220619569,932.2657926134202,82.24467055146329,10.0,10.0,72.24467055146329
0,B,935.8350378942871,986.2110186597153,50.37598076542815,10.0,10.0,40.37598076542815
2,A,932.2692926134364,1005.1226835182403,72.85339090480386,10.0,10.0,62.85339090480386
4,C,928.4356700592257,1011.8867912679129,83.45112120868725,10.0,10.0,73.45112120868725
2,A,1005.1261835182564,1015.1261835182564,10.0,10.0,10.0,0.0
2,C,1015.1296835182726,1038.7350881318423,23.605404613569704,10.0,10.0,13.605404613569704
0,B,986.2145186597314,1053.4784986332127,67.26397997348124,10.0,10.0,57.26397997348124
7,C,1060.4954894215336,1070.4954894215336,10.0,10.0,10.0,0.0
2,A,1038.7385881318585,1075.9797937294522,37.24120559759376,10.0,10.0,27.241205597593762
5,B,1046.9329780624244,1139.871019102424,92.93804103999969,10.0,10.0,82.93804103999969
7,A,1070.4989894215498,1149.5796269975854,79.08063757603554,10.0,10.0,69.08063757603554
2,C,1075.9832937294684,1151.27987983131,75.29658610184151,10.0,10.0,65.29658610184151
5,B,1139.8745191024402,1157.5624884015524,17.687969299112183,10.0,10.0,7.687969299112183
7,C,1149.5831269976015,1161.27987983131,11.696752833708388,11.696752833708388,10.0,1.6967528337083877
7,C,1161.2831269976205,1171.2831269976205,10.0,10.0,10.0,0.0
1,C,1186.3569035836383,1223.3435227752218,36.986619191583486,10.0,10.0,26.986619191583486
2,B,1151.283379831326,1231.609498863622,80.32611903229599,10.0,10.0,70.32611903229599
5,A,1157.5659884015686,1232.8490657184277,75.28307731685913,10.0,10.0,65.28307731685913
4,B,1243.0000872428825,1280.2165071197508,37.21641987686826,10.0,10.0,27.216419876868258
1,C,1223.347022775238,1300.8924719798215,77.54544920458352,10.0,10.0,67.54544920458352
5,A,1232.8525657184439,1303.482746543662,70.63018082521808,10.0,10.0,60.630180825218076
1,B,1300.8959719798377,1310.8959719798377,10.0,10.0,10.0,0.0
5,B,1303.4862465436781,1322.0839880093195,18.59774146564132,10.0,10.0,8.59774146564132
1,A,1310.8994719798538,1357.2214766918635,46.32200471200963,10.0,10.0,36.32200471200963
3,B,1334.570393651633,1375.8375433308788,41.267149679245904,10.0,10.0,31.267149679245904
2,C,1312.3502871723736,1381.7473868388274,69.39709966645387,10.0,10.0,59.39709966645387
3,C,1375.841043330895,1393.1350559827604,17.294012651865387,10.0,10.0,7.294012651865387
7,A,1366.7247885121603,1404.5727774200852,37.8479889079249,10.0,10.0,27.8479889079249
7,A,1404.5762774201014,1423.887329962134,19.311052542032485,10.0,10.0,9.311052542032485
7,A,1423.89082996215,1447.095285173236,23.204455211086042,10.0,10.0,13.204455211086042
6,C,1432.942366460849,1457.270358396531,24.32799193568212,10.0,10.0,14.327991935682121
4,A,1494.1222569115232,1515.8880003289503,21.765743417427075,10.0,10.0,11.765743417427075
1,B,1443.6363480092296,1523.6286877180767,79.99233970884711,10.0,10.0,69.99233970884711
4,A,1515.8915003289665,1558.9779560984389,43.08645576947242,10.0,10.0,33.08645576947242
1,B,1523.6321877180928,1567.8171050189055,44.184917300812685,10.0,10.0,34.184917300812685
2,C,1500.1378194423864,1569.7145190088197,69.57669956643326,10.0,10.0,59.57669956643326
2,A,1569.7180190088359,1601.2667244258014,31.548705416965504,10.0,10.0,21.548705416965504
1,B,1567.8206050189217,1605.7004807146623,37.879875695740566,10.0,10.0,27.879875695740566
2,C,1601.2702244258176,1638.9813524938602,37.711128068042626,10.0,10.0,27.711128068042626
7,C,1647.6694310516489,1657.6694310516489,10.0,10.0,10.0,0.0
0,B,1649.2780823007115,1673.735821862705,24.45773956199355,10.0,10.0,14.457739561993549
6,B,1664.5951760366759,1704.4839763607426,39.88880032406678,10.0,10.0,29.88880032406678
5,A,1637.7804647583157,1720.479053783705,82.69858902538931,10.0,10.0,72.69858902538931
7,C,1657.672931051665,1743.0833645466942,85.41043349502911,10.0,10.0,75.41043349502911
5,B,1720.4825537837212,1764.4806199351872,43.99806615146599,10.0,10.0,33.99806615146599
7,A,1743.0868645467103,1784.350436975051,41.263572428340694,10.0,10.0,31.263572428340694
3,A,1774.693886713935,1817.1464100652486,42.45252335131363,10.0,10.0,32.45252335131363
5,B,1764.4841199352034,1848.261059456584,83.77693952138065,10.0,10.0,73.77693952138065
4,C,1772.289148697536,1849.1264421921642,76.83729349462828,10.0,10.0,66.83729349462828
5,C,1848.2645594566002,1934.203313273886,85.93875381728571,10.0,10.0,75.93875381728571
2,A,1850.6897808380475,1939.5547242145246,88.86494337647719,10.0,10.0,78.86494337647719
0,B,1875.1012955016477,1953.1390049138943,78.03770941224661,10.0,10.0,68.03770941224661
0,B,1953.1425049139104,1975.2992657874993,22.156760873588837,10.0,10.0,12.156760873588837
4,C,1951.297063400924,1982.6035801213689,31.30651672044496,10.0,10.0,21.30651672044496
0,B,1975.3027657875155,1994.7166518932156,19.413886105700158,10.0,10.0,9.413886105700158
5,A,1934.206813273902,2019.6404980588306,85.43368478492857,10.0,10.0,75.43368478492857
4,C,1982.607080121385,2021.6358407739795,39.02876065259443,10.0,10.0,29.02876065259443
5,A,2019.6439980588468,2039.6426712567888,19.998673197942026,10.0,10.0,9.998673197942026
4,B,2021.6393407739956,2040.5796408539375,18.940300079941835,10.0,10.0,8.940300079941835
5,B,2039.646171256805,2056.511119534959,16.86494827815409,9.999999999999773,9.999999999999773,6.864948278154316
1,C,2018.4996598582877,2065.699442161028,47.19978230274023,10.0,10.0,37.19978230274023
4,A,2040.5831408539536,2084.465942884092,43.88280203013824,10.0,10.0,33.88280203013824
0,C,2110.2404354197674,2120.2404354197674,10.0,10.0,10.0,0.0
6,C,2117.4448337249573,2137.342257426268,19.8974237013108,10.0,10.0,9.8974237013108
2,B,2055.040957777698,2139.4305927786213,84.38963500092314,10.0,10.0,74.38963500092314
3,C,2138.5441628681197,2148.5441628681197,10.0,10.0,10.0,0.0
6,B,2137.3457574262843,2154.4607163221353,17.114958895851032,10.0,10.0,7.114958895851032
6,B,2154.4642163221515,2171.6563030084294,17.19208668627789,10.0,10.0,7.192086686277889
7,A,2089.7003076851947,2184.599728898244,94.89942121304921,10.0,10.0,84.89942121304921
7,A,2184.60322889826,2194.60322889826,10.0,10.0,10.0,0.0
3,C,2148.547662868136,2213.331561789508,64.78389892137238,10.0,10.0,54.78389892137238
0,C,2223.566444159247,2246.77263611493,23.206191955682698,10.0,10.0,13.206191955682698
4,B,2166.69252561234,2247.8279193788057,81.13539376646577,10.0,10.0,71.13539376646577
0,C,2246.776136114946,2291.152562829534,44.37642671458798,10.0,10.0,34.37642671458798
3,A,2213.3350617895244,2295.772912760619,82.43785097109458,10.0,10.0,72.43785097109458
1,B,2242.295029394253,2313.357212576055,71.06218318180208,10.0,10.0,61.062183181802084
0,A,2291.15606282955,2378.530404208314,87.3743413787638,10.0,10.0,77.3743413787638
5,A,2369.587269327379,2388.530404208314,18.94313488093485,11.046939763248247,10.0,8.94313488093485
1,C,2313.3607125760714,2397.4364227759024,84.07571019983106,10.0,10.0,74.07571019983106
2,B,2328.213819075114,2409.776565514316,81.56274643920233,10.0,10.0,71.56274643920233
5,A,2388.5309644450836,2427.167597032552,38.636632587468284,10.0,10.0,28.636632587468284
3,B,2409.8381744994053,2440.388285639365,30.55011113995988,10.0,10.0,20.55011113995988
2,C,2409.7800655143324,2450.788165619604,41.00810010527175,10.0,10.0,31.00810010527175
5,A,2427.171097032568,2464.460159618532,37.289062585964075,10.0,10.0,27.289062585964075
3,B,2440.3917856393814,2483.5649871678547,43.17320152847333,10.0,10.0,33.17320152847333
0,C,2477.17323604724,2513.3591963424633,36.18596029522314,10.0,10.0,26.18596029522314
1,B,2489.9047595888724,2527.181874606981,37.277115018108816,10.0,10.0,27.277115018108816
1,B,2527.1853746069974,2547.2232153592945,20.037840752297143,10.0,10.0,10.037840752297143
0,A,2513.3626963424795,2553.9384417065976,40.57574536411812,10.0,10.0,30.57574536411812
0,A,2553.9419417066138,2578.625866685975,24.68392497936111,10.0,10.0,14.683924979361109
4,B,2545.012571322646,2586.54947462061,41.53690329796382,10.0,10.0,31.536903297963818
3,C,2588.6801658640607,2638.6973397438655,50.017173879804886,10.0,10.0,40.017173879804886
0,B,2578.629366685991,2660.4128449946825,81.78347830869143,10.0,10.0,71.78347830869143
4,A,2586.552974620626,2668.6218260721985,82.0688514515723,10.0,10.0,72.0688514515723
1,B,2652.72499496726,2699.2106201708957,46.485625203635664,10.0,10.0,36.485625203635664
1,B,2699.214120170912,2719.936311327459,20.72219115654707,10.0,10.0,10.72219115654707
2,A,2662.531292870778,2745.2702382081757,82.73894533739758,10.0,10.0,72.73894533739758
1,C,2719.939811327475,2766.9643404402796,47.02452911280443,10.0,10.0,37.02452911280443
0,B,2742.6799765885185,2780.4896068849903,37.80963029647182,10.0,10.0,27.809630296471823
2,A,2745.273738208192,2811.044894471055,65.77115626286331,10.0,10.0,55.771156262863315
5,B,2773.438580067433,2840.1385297743564,66.69994970692323,10.0,10.0,56.699949706923235
0,C,2780.4931068850065,2851.1310316691165,70.63792478411006,10.0,10.0,60.637924784110055
1,A,2850.7314067266284,2868.2552404046246,17.52383367799621,10.0,10.0,7.523833677996208
4,A,2882.5144429796624,2897.522611947832,15.008168968169684,10.0,10.0,5.008168968169684
5,B,2840.1420297743725,2917.569112434776,77.42708266040336,10.0,10.0,67.42708266040336
2,B,2917.7009104543786,2954.196922102772,36.496011648393505,10.0,10.0,26.496011648393505
1,B,2948.932480642288,2991.390911117093,42.45843047480503,10.0,10.0,32.45843047480503
5,C,2917.572612434792,3001.2962322031162,83.72361976832417,10.0,10.0,73.72361976832417
1,C,2991.394411117109,3011.2962322031162,19.901821086007203,12.047672105104994,10.0,9.901821086007203
5,C,3001.2997322031324,3021.2962322031162,19.996499999983826,11.66340325059582,10.0,9.996499999983826
3,B,2987.793984188612,3023.0486499972453,35.25466580863349,10.0,10.0,25.25466580863349
5,B,3021.2968289525393,3045.944760921778,24.647931969238925,10.0,10.0,14.647931969238925
1,C,3011.2995600980307,3059.355055878032,48.055495780001365,10.0,10.0,38.055495780001365
2,B,3039.2248262094627,3060.1345535522896,20.909727342826955,10.0,10.0,10.909727342826955
5,A,3045.9482609217944,3068.7946264181137,22.846365496319322,10.0,10.0,12.846365496319322
1,A,3059.3585558780483,3078.7946264181137,19.43607054006543,10.995076783774039,10.0,9.43607054006543
5,C,3068.79812641813,3087.7167047912353,18.918578373105447,10.0,10.0,8.918578373105447
1,C,3078.7975496343574,3117.4144164580375,38.616866823680084,10.0,10.0,28.616866823680084
0,B,3065.3043849579935,3145.7200179132815,80.41563295528795,10.0,10.0,70.41563295528795
1,C,3117.4179164580537,3161.5270478843727,44.10913142631898,10.0,10.0,34.10913142631898
0,A,3145.7235179132977,3164.953067802629,19.229549889331338,10.0,10.0,9.229549889331338
0,A,3164.956567802645,3180.304672901387,15.348105098742053,10.0,10.0,5.348105098742053
1,C,3161.530547884389,3182.2755801477347,20.74503226334582,10.0,10.0,10.74503226334582
0,B,3180.3081729014034,3204.836880328875,24.528707427471545,10.0,10.0,14.528707427471545
0,B,3204.840380328891,3214.840380328891,10.0,10.0,10.0,0.0
4,B,3210.2447701454075,3229.975857997011,19.73108785160366,10.0,10.0,9.731087851603661
3,C,3243.9132700920018,3260.177223310231,16.26395321822929,10.0,10.0,6.26395321822929
1,A,3182.279080147751,3266.532625583917,84.25354543616595,10.0,10.0,74.25354543616595
1,A,3266.536125583933,3276.536125583933,10.0,10.0,10.0,0.0
3,B,3260.1807233102472,3279.9282893637987,19.74756605355151,10.0,10.0,9.747566053551509
1,C,3276.539625583949,3293.810466572919,17.270840988969667,10.0,10.0,7.270840988969667
3,A,3279.931789363815,3297.552843301849,17.621053938034038,10.0,10.0,7.621053938034038
1,C,3293.813966572935,3312.915467457216,19.101500884280995,10.0,10.0,9.101500884280995
3,A,3297.556343301865,3313.929993395834,16.37365009396899,10.0,10.0,6.37365009396899
4,A,3315.438603825137,3330.9837130150922,15.545109189955383,10.0,10.0,5.545109189955383
4,C,3330.9872130151084,3351.9500523978777,20.96283938276929,10.0,10.0,10.962839382769289
5,B,3277.0340465463387,3360.038385458324,83.00433891198509,10.0,10.0,73.00433891198509
4,C,3351.953552397894,3388.5216257797533,36.56807338185945,10.0,10.0,26.56807338185945
2,A,3368.4256483991458,3443.263999627071,74.83835122792516,10.0,10.0,64.83835122792516
4,B,3388.5251257797695,3461.0521830024304,72.52705722266091,10.0,10.0,62.527057222660915
2,C,3443.267499627087,3522.4624219801394,79.19492235305233,10.0,10.0,69.19492235305233
2,C,3522.4659219801556,3564.1484184702012,41.68249649004565,10.0,10.0,31.68249649004565
6,B,3483.2857411662853,3567.4209949076017,84.13525374131632,10.0,10.0,74.13525374131632
2,B,3564.1519184702174,3647.8832468322644,83.73132836204695,10.0,10.0,73.73132836204695
2,B,3647.8867468322806,3669.0732002668933,21.18645343461276,10.0,10.0,11.186453434612758
5,C,3636.4455705097384,3671.1887311280643,34.743160618325874,10.0,10.0,24.743160618325874
2,B,3669.0767002669095,3734.484245408169,65.40754514125956,10.0,10.0,55.40754514125956
2,C,3734.487745408185,3754.0709756451106,19.583230236925374,10.0,10.0,9.583230236925374
4,C,3755.592548343038,3795.962461337401,40.36991299436295,10.0,10.0,30.36991299436295
4,C,3795.965961337417,3805.965961337417,10.0,10.0,10.0,0.0
6,B,3736.6397605019,3820.0111572287033,83.37139672680314,10.0,10.0,73.37139672680314
2,A,3754.0744756451268,3842.4501738703893,88.37569822526257,10.0,10.0,78.37569822526257
4,C,3805.969461337433,3849.0636907632606,43.09422942582751,10.0,10.0,33.09422942582751
2,B,3842.4536738704055,3872.8834669525377,30.429793082132164,10.0,10.0,20.429793082132164
2,B,3872.886966952554,3942.7335535593643,69.84658660681043,10.0,10.0,59.84658660681043
6,C,3938.5264117845127,3969.688468352594,31.162056568081425,10.0,10.0,21.162056568081425
6,A,3969.6919683526103,4016.87789210755,47.18592375493972,10.0,10.0,37.18592375493972
6,C,4016.881392107566,4034.5687127919505,17.687320684384304,10.0,10.0,7.687320684384304
4,B,3968.9186861033463,4046.8334782372,77.91479213385355,10.0,10.0,67.91479213385355
5,B,4070.1902908707384,4105.337776726166,35.14748585542793,10.0,10.0,25.14748585542793
2,C,4027.0284755316543,4108.131713191728,81.10323766007332,10.0,10.0,71.10323766007332
5,A,4105.3412767261825,4115.3412767261825,10.0,10.0,10.0,0.0
5,C,4115.344776726199,4131.568040589433,16.223263863234024,10.0,10.0,6.223263863234024
7,B,4106.625373197507,4185.669232851245,79.04385965373876,10.0,10.0,69.04385965373876
3,B,4179.8899908894,4195.669232851245,15.7792419618454,15.7792419618454,10.0,5.7792419618454005
1,B,4188.993075874616,4213.23476153569,24.24168566107437,10.0,10.0,14.24168566107437
4,C,4133.119224273597,4213.7724150828535,80.65319080925656,10.0,10.0,70.65319080925656
4,A,4213.77591508287,4234.325489759136,20.549574676266275,10.0,10.0,10.549574676266275
1,B,4213.238261535706,4251.905818426071,38.66755689036472,10.0,10.0,28.66755689036472
5,B,4244.720143759709,4267.500574806499,22.78043104679,10.0,10.0,12.78043104679
0,B,4277.874800516281,4293.5944804260735,15.71967990979283,10.0,10.0,5.719679909792831
4,A,4234.328989759152,4310.964891973116,76.63590221396407,10.0,10.0,66.63590221396407
2,B,4306.101303955228,4316.101303955228,10.0,10.0,10.0,0.0
6,C,4250.709766811415,4330.406868323075,79.69710151166055,10.0,10.0,69.69710151166055
6,C,4330.4103683230915,4362.795636949536,32.385268626444486,10.0,10.0,22.385268626444486
6,B,4362.799136949552,4381.283952798596,18.484815849044026,10.0,10.0,8.484815849044026
7,C,4374.873335309642,4393.518288792376,18.6449534827334,10.0,10.0,8.6449534827334
7,B,4393.521788792392,4418.441470105113,24.919681312720968,10.0,10.0,14.919681312720968
1,A,4365.964383496344,4440.58287850005,74.6184950037059,10.0,10.0,64.6184950037059
5,C,4384.052646456852,4461.1201583477405,77.06751189088845,10.0,10.0,67.06751189088845
1,A,4440.5863785000665,4534.800030544337,94.21365204427002,10.0,10.0,84.21365204427002
4,C,4496.593705696895,4536.597543862776,40.00383816588055,10.0,10.0,30.003838165880552
5,B,4461.123658347757,4546.527499787399,85.40384143964275,10.0,10.0,75.40384143964275
2,C,4531.399997425018,4572.116602483243,40.71660505822456,10.0,10.0,30.71660505822456
4,B,4536.601043862792,4613.540241549305,76.93919768651358,10.0,10.0,66.93919768651358
1,A,4534.803530544353,4620.534229712953,85.73069916860004,10.0,10.0,75.73069916860004
5,B,4628.199106210269,4647.062814395491,18.863708185222094,10.0,10.0,8.863708185222094
4,A,4613.543741549322,4650.442069840226,36.89832829090483,10.0,10.0,26.89832829090483
0,C,4598.3123973394895,4678.746236937185,80.43383959769562,10.0,10.0,70.43383959769562
5,A,4647.066314395507,4691.216868764198,44.15055436869079,10.0,10.0,34.15055436869079
0,C,4678.749736937201,4697.620500138818,18.870763201616683,10.0,10.0,8.870763201616683
2,B,4680.56395731948,4701.2253565018,20.661399182319656,10.0,10.0,10.661399182319656
0,B,4697.624000138834,4717.135048322879,19.51104818404474,10.0,10.0,9.51104818404474
6,C,4726.8374218643485,4744.412346598685,17.57492473433649,10.0,10.0,7.574924734336491
0,A,4717.138548322895,4755.249187276139,38.110638953244234,10.0,10.0,28.110638953244234
2,B,4781.234056678,4799.752230169395,18.51817349139492,10.0,10.0,8.518173491394919
5,B,4807.727970775649,4817.727970775649,10.0,10.0,10.0,0.0
4,A,4746.4715275403805,4820.829888365229,74.3583608248482,10.0,10.0,64.3583608248482
7,C,4736.249283736441,4831.829258132788,95.5799743963471,10.0,10.0,85.5799743963471
6,A,4827.905367434919,4846.452458945854,18.547091510935388,10.0,10.0,8.547091510935388
7,C,4831.832758132804,4869.472354463317,37.639596330513086,10.0,10.0,27.639596330513086
7,C,4869.475854463333,4911.703482955512,42.227628492179065,10.0,10.0,32.227628492179065
1,A,4845.359777786487,4915.213486399658,69.85370861317097,10.0,10.0,59.853708613170966
5,C,4905.954391287056,4921.703482955512,15.749091668456458,15.749091668456458,10.0,5.749091668456458
7,B,4911.7069829555285,4986.119278556086,74.41229560055763,10.0,10.0,64.41229560055763
5,C,4921.704391287081,4999.72044019029,78.01604890320868,10.0,10.0,68.01604890320868
6,A,4938.355546343148,5009.014700884021,70.65915454087371,10.0,10.0,60.659154540873715
6,A,5009.0182008840375,5019.0182008840375,10.0,10.0,10.0,0.0
3,C,4994.507662382413,5033.848289209332,39.3406268269182,10.0,10.0,29.340626826918196
5,B,4999.723940190306,5033.984662154606,34.26072196429959,10.0,10.0,24.26072196429959
4,C,5024.667235788259,5060.497362614962,35.830126826703236,10.0,10.0,25.830126826703236
3,B,5033.851789209348,5104.150573934246,70.29878472489781,10.0,10.0,60.298784724897814
2,A,5083.701137070721,5125.227592393626,41.52645532290444,10.0,10.0,31.52645532290444
0,C,5056.306026327096,5145.413453993429,89.10742766633302,10.0,10.0,79.10742766633302
1,B,5118.803831532156,5180.479123306418,61.675291774261495,10.0,10.0,51.675291774261495
2,A,5125.231092393642,5209.813560106893,84.58246771325139,10.0,10.0,74.58246771325139
5,C,5144.170109598898,5221.818054902744,77.64794530384552,10.0,10.0,67.64794530384552
3,A,5218.079242672401,5239.7324014766655,21.65315880426442,10.0,10.0,11.653158804264422
6,B,5217.339296729037,5239.7459204992665,22.40662377022909,10.0,10.0,12.40662377022909
3,B,5239.735901476682,5259.499348348093,19.76344687141136,10.0,10.0,9.763446871411361
0,B,5257.102179069204,5269.499348348093,12.397169278889123,12.397169278889123,10.0,2.3971692788891232
3,B,5259.502848348109,5279.499348348093,19.996499999983826,12.037822848138603,10.0,9.996499999983826
6,C,5239.749420499283,5285.919645094782,46.17022459549935,10.0,10.0,36.17022459549935
0,B,5269.499679069224,5289.499348348093,19.999669278869078,12.564074207060912,10.0,9.999669278869078
3,B,5279.503525499974,5322.622644536388,43.119119036414304,10.0,10.0,33.119119036414304
1,A,5282.464216901781,5355.215934073211,72.75171717143076,10.0,10.0,62.751717171430755
7,C,5278.919939325987,5358.0409429842675,79.12100365828064,10.0,10.0,69.12100365828064
1,B,5355.219434073228,5385.525797072489,30.306362999261182,10.0,10.0,20.306362999261182
1,A,5385.529297072505,5395.529297072505,10.0,10.0,10.0,0.0
1,A,5395.532797072521,5424.330786660078,28.797989587556913,10.0,10.0,18.797989587556913
4,C,5365.316015354432,5440.542058668609,75.22604331417642,10.0,10.0,65.22604331417642
7,B,5462.045055512028,5484.1405747822255,22.095519270197656,10.0,10.0,12.095519270197656
3,A,5417.170908452332,5489.762272768132,72.59136431580009,10.0,10.0,62.59136431580009
3,B,5489.765772768148,5509.935043945262,20.169271177113842,10.0,10.0,10.169271177113842
7,C,5484.144074782242,5522.74203324895,38.597958466708405,10.0,10.0,28.597958466708405
5,A,5503.158325889379,5524.872380834905,21.714054945526186,10.0,10.0,11.714054945526186
3,B,5509.938543945278,5549.839082490068,39.900538544789924,10.0,10.0,29.900538544789924
7,A,5522.745533248966,5569.011739325021,46.266206076054914,10.0,10.0,36.266206076054914
7,A,5569.015239325037,5585.128911210812,16.113671885774238,10.0,10.0,6.113671885774238
2,C,5521.555119197949,5601.2905775836525,79.73545838570317,10.0,10.0,69.73545838570317
7,A,5585.132411210828,5630.873550605527,45.74113939469953,10.0,10.0,35.74113939469953
7,B,5630.877050605543,5650.623680146786,19.746629541242328,10.0,10.0,9.746629541242328
0,C,5602.73239028701,5686.313730427639,83.58134014062853,10.0,10.0,73.58134014062853
4,A,5634.2646467807035,5719.8995254133815,85.63487863267801,10.0,10.0,75.63487863267801
3,A,5738.002096895219,5755.654146015803,17.652049120583797,10.0,10.0,7.652049120583797
4,C,5719.903025413398,5760.799202502964,40.89617708956666,10.0,10.0,30.896177089566663
6,C,5756.898343988278,5779.626367858833,22.728023870555262,10.0,10.0,12.728023870555262
3,B,5755.657646015819,5793.709498809729,38.05185279390935,10.0,10.0,28.051852793909347
0,A,5773.960697591614,5850.098223112033,76.13752552041933,10.0,10.0,66.13752552041933
3,C,5793.712998809745,5875.993007992465,82.28000918272028,10.0,10.0,72.28000918272028
0,A,5850.1017231120495,5890.60741764066,40.50569452861055,10.0,10.0,30.505694528610547
6,A,5882.569646581987,5900.60741764066,18.03777105867266,10.804247945088719,10.0,8.03777105867266
6,A,5900.607669695589,5947.112505133775,46.50483543818609,10.0,10.0,36.50483543818609
4,C,5870.388601897125,5958.150803759049,87.76220186192404,10.0,10.0,77.76220186192404
2,A,5995.453646246205,6012.55664003481,17.10299378860509,10.0,10.0,7.10299378860509
4,C,5958.154303759065,6030.120408425303,71.9661046662377,10.0,10.0,61.9661046662377
7,C,6023.641609998627,6040.120408425303,16.478798426675894,16.478798426675894,10.0,6.478798426675894
4,C,6030.123908425319,6050.120408425303,19.996499999983826,10.2426878918468,10.0,9.996499999983826
7,C,6040.120609998654,6080.716322190865,40.59571219221107,10.0,10.0,30.595712192211067
2,B,6012.560140034826,6101.813216650517,89.25307661569059,10.0,10.0,79.25307661569059
4,A,6050.124220533473,6119.792891490827,69.66867095735415,10.0,10.0,59.66867095735415
4,B,6119.796391490843,6129.796391490843,10.0,10.0,10.0,0.0
5,A,6111.365055274769,6148.06827692749,36.70322165272137,10.0,10.0,26.703221652721368
0,C,6078.805097074927,6154.811621155932,76.0065240810045,10.0,10.0,66.0065240810045
0,B,6154.815121155948,6173.798278004551,18.983156848603358,10.0,10.0,8.983156848603358
0,A,6173.8017780045675,6209.283176961748,35.48139895718032,10.0,10.0,25.481398957180318
6,C,6146.746731555812,6220.151727130665,73.40499557485236,10.0,10.0,63.404995574852364
2,C,6216.6776618795575,6230.151727130665,13.474065251107277,13.474065251107277,10.0,3.4740652511072767
6,C,6220.155227130681,6260.85739442417,40.702167293488856,10.0,10.0,30.702167293488856
5,C,6252.945826539916,6275.422986122662,22.477159582746026,10.0,10.0,12.477159582746026
0,A,6209.286676961764,6285.120025843861,75.8333488820972,10.0,10.0,65.8333488820972
6,B,6260.860894424186,6300.617282574018,39.756388149831764,10.0,10.0,29.756388149831764
6,B,6300.620782574034,6310.620782574034,10.0,10.0,10.0,0.0
5,A,6275.426486122678,6312.417738102469,36.99125197979083,10.0,10.0,26.99125197979083
6,A,6310.62428257405,6329.295899214038,18.671616639988315,10.0,10.0,8.671616639988315
3,C,6269.704891971133,6349.709915316703,80.0050233455695,10.0,10.0,70.0050233455695
3,A,6349.713415316719,6382.823555192385,33.11013987566639,10.0,10.0,23.11013987566639
4,C,6341.68977548926,6385.130117512311,43.440342023051016,10.0,10.0,33.440342023051016
1,C,6377.528390095545,6397.565369861634,20.036979766089644,10.0,10.0,10.036979766089644
6,B,6329.299399214055,6404.900775283001,75.60137606894659,10.0,10.0,65.60137606894659
0,C,6395.281604697122,6442.929800752887,47.648196055764856,10.0,10.0,37.648196055764856
1,A,6397.5688698616505,6443.255958973799,45.6870891121489,10.0,10.0,35.6870891121489
0,C,6442.933300752903,6474.865036889249,31.931736136345535,10.0,10.0,21.931736136345535
6,B,6404.904275283017,6489.121213427257,84.21693814423998,10.0,10.0,74.21693814423998
4,C,6469.748398294513,6505.947309201386,36.1989109068727,10.0,10.0,26.198910906872698
6,A,6489.1247134272735,6509.575885292218,20.451171864944627,10.0,10.0,10.451171864944627
7,C,6499.061913999756,6517.922311261304,18.860397261547405,10.0,10.0,8.860397261547405
4,A,6505.950809201402,6530.036800217966,24.08599101656364,10.0,10.0,14.08599101656364
3,B,6479.391893947268,6558.09276808758,78.70087414031241,10.0,10.0,68.70087414031241
7,C,6517.92581126132,6608.205559897527,90.27974863620693,10.0,10.0,80.27974863620693
3,A,6558.096268087596,6641.768765228481,83.67249714088484,10.0,10.0,73.67249714088484
0,B,6590.178432071162,6671.721392293295,81.54296022213293,10.0,10.0,71.54296022213293
5,C,6613.046549137094,6700.074085089799,87.02753595270497,10.0,10.0,77.02753595270497
0,B,6671.724892293311,6716.137777818126,44.412885524814556,10.0,10.0,34.412885524814556
7,A,6726.62306348724,6760.52896214632,33.90589865907987,10.0,10.0,23.905898659079867
0,C,6716.141277818142,6797.701953178203,81.5606753600614,10.0,10.0,71.5606753600614
4,B,6728.57251499874,6815.295146143393,86.72263114465295,10.0,10.0,76.72263114465295
4,C,6815.298646143409,6832.359542638771,17.060896495361703,10.0,10.0,7.060896495361703
7,A,6760.532462146336,6841.274195044163,80.7417328978272,10.0,10.0,70.7417328978272
1,C,6827.961512086704,6851.814521625312,23.853009538608603,10.0,10.0,13.853009538608603
4,A,6832.363042638787,6866.02689388164,33.663851242852616,10.0,10.0,23.663851242852616
3,C,6851.9648732716905,6887.53116402567,35.56629075397905,10.0,10.0,25.566290753979047
6,B,6810.064958531795,6887.650069746282,77.58511121448646,10.0,10.0,67.58511121448646
3,C,6887.534664025686,6968.322358637751,80.78769461206502,10.0,10.0,70.78769461206502
6,B,6887.653569746298,6972.646787591896,84.99321784559834,10.0,10.0,74.99321784559834
3,B,6968.325858637767,6982.646787591896,14.320928954129158,14.320928954129158,10.0,4.320928954129158
6,C,6972.650287591912,6996.901347605524,24.251060013612005,10.0,10.0,14.251060013612005
1,A,6969.113009377416,7015.59108996427,46.47808058685405,10.0,10.0,36.47808058685405
2,C,6997.263421916979,7064.050161514025,66.78673959704611,10.0,10.0,56.78673959704611
5,B,6992.902721393825,7079.057162460342,86.15444106651648,10.0,10.0,76.15444106651648
2,A,7064.053661514041,7085.956894693299,21.903233179257768,10.0,10.0,11.903233179257768
2,A,7085.960394693315,7095.960394693315,10.0,10.0,10.0,0.0
4,C,7057.796222990128,7100.015177757499,42.21895476737154,10.0,10.0,32.21895476737154
4,A,7100.018677757515,7110.018677757515,10.0,10.0,10.0,0.0
2,C,7095.963894693331,7117.78463687774,21.820742184409028,10.0,10.0,11.820742184409028
2,A,7117.788136877756,7134.788492469445,17.000355591689186,10.0,10.0,7.0003555916891855
2,C,7134.791992469462,7156.664091731378,21.872099261916446,10.0,10.0,11.872099261916446
0,B,7082.4456294226875,7158.4421421136385,75.99651269095102,10.0,10.0,65.99651269095102
2,C,7156.667591731394,7166.667591731394,10.0,10.0,10.0,0.0
2,A,7166.67109173141,7187.989070196698,21.317978465287524,10.0,10.0,11.317978465287524
7,C,7161.287361155597,7222.439843367887,61.152482212290124,10.0,10.0,51.152482212290124
2,A,7187.992570196714,7229.361568546824,41.368998350109905,10.0,10.0,31.368998350109905
0,B,7158.445642113655,7242.0793801553755,83.63373804172079,10.0,10.0,73.63373804172079
7,A,7222.443343367903,7245.187990510566,22.74464714266287,10.0,10.0,12.74464714266287
2,C,7229.36506854684,7248.742078569815,19.3770100229749,10.0,10.0,9.3770100229749
2,B,7248.745578569831,7291.641826710775,42.8962481409435,10.0,10.0,32.8962481409435
2,C,7291.645326710791,7306.837504603431,15.192177892639847,10.0,10.0,5.192177892639847
0,A,7242.082880155392,7314.586240439349,72.50336028395759,10.0,10.0,62.50336028395759
3,C,7299.5020162784795,7319.6817281468275,20.179711868348022,10.0,10.0,10.179711868348022
1,B,7282.87042363121,7320.889615170482,38.01919153927247,10.0,10.0,28.01919153927247
1,C,7320.893115170498,7330.893115170498,10.0,10.0,10.0,0.0
1,C,7330.896615170514,7371.057598992003,40.16098382148812,10.0,10.0,30.160983821488117
7,A,7360.967266388005,7396.8378203411985,35.87055395319385,10.0,10.0,25.87055395319385
0,B,7314.589740439365,7414.16091518943,99.57117475006453,10.0,10.0,89.57117475006453
3,B,7410.256650325588,7426.492882244558,16.23623191896968,10.0,10.0,6.236231918969679
5,C,7387.797126213906,7435.610794910126,47.81366869621979,10.0,10.0,37.81366869621979
4,B,7426.092778227944,7442.906027265599,16.813249037654714,10.0,10.0,6.813249037654714
5,B,7435.614294910142,7460.267951529813,24.653656619670983,10.0,10.0,14.653656619670983
1,B,7454.3858668828525,7477.542387423686,23.1565205408333,10.0,10.0,13.156520540833299
4,A,7442.909527265615,7487.656181180098,44.74665391448343,10.0,10.0,34.74665391448343
3,C,7426.496382244574,7514.901510240389,88.40512799581484,10.0,10.0,78.40512799581484
6,B,7478.666719068044,7521.759630667531,43.09291159948771,10.0,10.0,33.09291159948771
3,C,7514.905010240405,7524.905010240405,10.0,10.0,10.0,0.0
6,C,7521.763130667548,7545.591982266975,23.828851599427253,10.0,10.0,13.828851599427253
6,B,7545.595482266991,7584.745600585664,39.15011831867287,10.0,10.0,29.150118318672867
5,C,7572.29092043143,7595.430471793478,23.139551362048223,10.0,10.0,13.139551362048223
3,A,7524.9085102404215,7603.526927761654,78.61841752123291,10.0,10.0,68.61841752123291
5,B,7595.4339717934945,7612.485619977168,17.051648183673933,10.0,10.0,7.051648183673933
3,B,7603.530427761671,7622.485619977168,18.955192215497846,12.969119397264876,10.0,8.955192215497846
5,C,7612.489119977185,7629.3665759460055,16.87745596882087,10.0,10.0,6.877455968820868
2,B,7614.236649846862,7632.485619977168,18.24897013030659,18.24897013030659,10.0,8.248970130306589
2,B,7632.488649846891,7650.650316921242,18.16166707435059,10.0,10.0,8.16166707435059
2,B,7650.653816921258,7665.729539342426,15.075722421167484,10.0,10.0,5.075722421167484
1,C,7669.66602113082,7692.31905095429,22.653029823470206,10.0,10.0,12.653029823470206
3,A,7622.4900005799245,7700.1456365869035,77.65563600697897,10.0,10.0,67.65563600697897
1,C,7692.322550954306,7767.5378305342865,75.21527957998023,10.0,10.0,65.21527957998023
0,B,7683.949545239892,7774.370185162602,90.4206399227096,10.0,10.0,80.4206399227096
1,B,7767.541330534303,7788.811304797739,21.26997426343587,10.0,10.0,11.26997426343587
5,A,7745.231699350491,7838.881680165253,93.64998081476188,10.0,10.0,83.64998081476188
5,B,7838.885180165269,7862.264326426301,23.379146261031565,10.0,10.0,13.379146261031565
1,C,7788.814804797755,7866.172085123207,77.35728032545194,10.0,10.0,67.35728032545194
5,C,7862.267826426317,7876.172085123207,13.904258696889883,13.904258696889883,10.0,3.904258696889883
5,B,7876.172826426339,7886.172826426339,10.0,10.0,10.0,0.0
1,A,7866.175585123223,7891.053372845064,24.877787721840832,10.0,10.0,14.877787721840832
0,B,7876.85051794153,7896.172826426339,19.322308484809582,19.322308484809582,10.0,9.322308484809582
6,A,7882.258929773174,7901.642811926335,19.383882153160812,10.0,10.0,9.383882153160812
4,B,7887.499592942763,7964.403828536985,76.90423559422197,10.0,10.0,66.90423559422197
7,C,7893.929034036682,7969.725560740648,75.79652670396536,10.0,10.0,65.79652670396536
4,A,7964.407328537001,7984.2347313991095,19.8274028621081,10.0,10.0,9.827402862108102
6,C,7982.5635996835745,8055.961225509932,73.3976258263574,10.0,10.0,63.3976258263574
5,A,7982.4481073301195,8062.437850287188,79.9897429570683,10.0,10.0,69.9897429570683
5,A,8062.441350287204,8072.441350287204,10.0,10.0,10.0,0.0
6,B,8055.964725509948,8138.78435610169,82.81963059174177,10.0,10.0,72.81963059174177
5,A,8072.44485028722,8141.826012794068,69.38116250684834,10.0,10.0,59.38116250684834
3,C,8103.065360226592,8148.59142845205,45.5260682254584,10.0,10.0,35.5260682254584
6,C,8138.787856101706,8160.070529452633,21.282673350927325,10.0,10.0,11.282673350927325
6,C,8160.0740294526495,8175.788051984152,15.71402253150245,10.0,10.0,5.714022531502451
7,A,8175.070127826099,8215.689767474965,40.619639648865814,10.0,10.0,30.619639648865814
7,B,8215.69326747296,8225.69326747296,10.0,10.0,10.0,0.0
0,C,8199.255577385311,8242.63641651613,43.38083913081937,10.0,10.0,33.38083913081937
5,C,8234.030168840573,8252.63641651613,18.606247675557825,11.977620366671545,10.0,8.606247675557825
7,B,8225.696767470954,8263.264589426259,37.56782195530468,10.0,10.0,27.56782195530468
0,C,8242.639916514125,8264.457945651087,21.81802913696265,10.0,10.0,11.81802913696265
7,A,8263.268089424253,8281.744496406185,18.476406981932087,10.0,10.0,8.476406981932087
0,C,8264.461445649082,8288.985706061254,24.524260412172225,10.0,10.0,14.524260412172225
6,A,8277.875361460778,8302.380994988136,24.50563352735844,10.0,10.0,14.505633527358441
0,B,8288.989206059248,8311.956644294603,22.967438235355075,10.0,10.0,12.967438235355075
1,A,8349.61556860563,8364.93214518007,15.31657657443975,10.0,10.0,5.31657657443975
6,B,8302.38449498613,8370.234603266315,67.85010828018494,10.0,10.0,57.85010828018494
3,C,8331.800722348731,8376.799045208358,44.99832285962657,10.0,10.0,34.99832285962657
4,A,8368.702091116202,8378.702091116202,10.0,10.0,10.0,0.0
1,B,8364.935645178064,8405.40061908905,40.46497391098637,10.0,10.0,30.464973910986373
0,B,8405.341035754966,8422.667235894125,17.326200139159482,10.0,10.0,7.326200139159482
0,B,8422.67073589212,8440.885143336429,18.214407444309472,10.0,10.0,8.214407444309472
6,A,8370.23810326431,8454.155071568253,83.91696830394358,10.0,10.0,73.91696830394358
6,C,8454.158571566248,8495.48387226905,41.32530070280154,10.0,10.0,31.32530070280154
5,B,8509.912709065442,8530.102936365547,20.190227300105107,10.0,10.0,10.190227300105107
6,C,8495.487372267044,8536.175472648309,40.68810038126503,10.0,10.0,30.68810038126503
4,A,8489.695393290393,8557.205782139488,67.51038884909576,10.0,10.0,57.51038884909576
5,B,8530.106436363541,8621.296571494224,91.19013513068239,10.0,10.0,81.19013513068239
5,C,8621.300071492218,8631.300071492218,10.0,10.0,10.0,0.0
4,A,8557.209282137483,8641.049659160748,83.84037702326532,10.0,10.0,73.84037702326532
4,C,8641.053159158742,8676.487898907566,35.43473974882363,10.0,10.0,25.43473974882363
3,A,8677.420883794575,8693.305972195449,15.885088400873428,10.0,10.0,5.885088400873428
7,A,8694.699203293454,8704.699203293454,10.0,10.0,10.0,0.0
5,B,8631.303571490213,8713.858482099324,82.55491060911118,10.0,10.0,72.55491060911118
4,C,8676.49139890556,8719.499128280298,43.00772937473812,10.0,10.0,33.00772937473812
2,A,8704.561516395053,8724.536213700463,19.97469730540979,10.0,10.0,9.97469730540979
5,C,8713.861982097318,8729.868005480577,16.006023383259162,10.0,10.0,6.006023383259162
7,B,8704.702703291448,8782.595387140318,77.89268384886964,10.0,10.0,67.89268384886964
7,B,8782.598887138312,8798.625079660882,16.026192522569545,10.0,10.0,6.026192522569545
2,C,8724.539713698457,8801.310622523528,76.77090882507036,10.0,10.0,66.77090882507036
3,B,8795.73894202726,8808.625079660882,12.886137633622639,12.886137633622639,10.0,2.8861376336226385
0,A,8777.034088522094,8841.960020176875,64.92593165478138,10.0,10.0,54.92593165478138
6,B,8835.590020556567,8854.342141913103,18.75212135653601,10.0,10.0,8.752121356536009
3,C,8808.626942024675,8858.284091734005,49.65714970933004,10.0,10.0,39.65714970933004
6,A,8854.345641911097,8887.680890143916,33.33524823281914,10.0,10.0,23.33524823281914
6,C,8887.68439014191,8922.79990371514,35.11551357322969,10.0,10.0,25.11551357322969
7,A,8909.152474430111,8928.467396864931,19.31492243481989,10.0,10.0,9.314922434819891
6,C,8922.803403713135,8941.958257936012,19.154854222877475,10.0,10.0,9.154854222877475
1,A,8930.070795532987,8953.614617906982,23.54382237399477,10.0,10.0,13.543822373994772
3,B,8858.287591732,8955.364199168056,97.07660743605629,10.0,10.0,87.07660743605629
1,C,8953.618117904976,8969.055029538988,15.436911634011267,10.0,10.0,5.436911634011267
3,B,8955.36769916605,8978.607817225426,23.240118059375163,10.0,10.0,13.240118059375163
1,A,8969.058529536982,8992.427922389501,23.369392852519013,10.0,10.0,13.369392852519013
4,C,9013.039374237535,9023.039374237535,10.0,10.0,10.0,0.0
1,A,8992.431422387495,9030.910532227745,38.47910984024929,10.0,10.0,28.479109840249293
6,A,9026.53817739098,9061.283877481868,34.74570009088893,10.0,10.0,24.74570009088893
7,C,9014.982897610675,9061.588717310991,46.605819700316715,10.0,10.0,36.605819700316715
6,A,9061.287377479863,9082.249100287963,20.961722808100603,10.0,10.0,10.961722808100603
3,A,9079.177301582504,9092.249100287963,13.071798705459514,13.071798705459514,10.0,3.071798705459514
6,B,9082.252600285958,9092.252600285958,10.0,10.0,10.0,0.0
3,B,9092.249801579883,9129.111873368423,36.86207178854056,10.0,10.0,26.86207178854056
0,C,9053.334132063657,9134.994954126547,81.66082206288957,10.0,10.0,71.66082206288957
3,B,9129.115373366418,9145.358466820171,16.243093453753318,10.0,10.0,6.243093453753318
2,A,9122.87098811569,9147.029339798244,24.158351682553985,10.0,10.0,14.158351682553985
4,C,9132.178963339302,9210.52817900539,78.34921566608864,10.0,10.0,68.34921566608864
0,A,9216.9669377207,9226.9669377207,10.0,10.0,10.0,0.0
2,B,9147.032839796238,9228.16358971187,81.1307499156319,10.0,10.0,71.1307499156319
1,C,9216.216080733275,9296.688355067818,80.47227433454282,10.0,10.0,70.47227433454282
1,B,9296.691855065812,9337.054540999952,40.362685934140245,10.0,10.0,30.362685934140245
0,C,9316.49532725954,9352.970068282488,36.474741022948365,10.0,10.0,26.474741022948365
1,A,9337.058040997947,9374.860260979744,37.80221998179695,10.0,10.0,27.802219981796952
3,C,9349.03210659379,9390.195301443755,41.16319484996529,10.0,10.0,31.163194849965294
1,A,9374.863760977738,9394.975038951181,20.111277973443066,10.0,10.0,10.111277973443066
6,B,9382.379006938212,9405.269945448385,22.89093851017242,10.0,10.0,12.890938510172418
4,B,9399.486267873068,9436.393780935216,36.9075130621477,10.0,10.0,26.9075130621477
3,A,9390.19880144175,9438.008468683222,47.8096672414722,10.0,10.0,37.8096672414722
6,C,9405.273445446379,9444.301924558134,39.02847911175559,10.0,10.0,29.028479111755587
4,B,9436.39728093321,9469.265831018696,32.86855008548628,10.0,10.0,22.868550085486277
0,C,9437.438826679378,9484.27022023809,46.83139355871208,10.0,10.0,36.83139355871208
6,A,9444.305424556129,9488.584324720838,44.27890016470883,10.0,10.0,34.27890016470883
6,C,9488.587824718832,9509.368388779332,20.780564060500183,10.0,10.0,10.780564060500183
7,C,9513.539292454327,9523.539292454327,10.0,10.0,10.0,0.0
4,B,9469.26933101669,9554.388163409287,85.11883239259623,10.0,10.0,75.11883239259623
2,C,9516.501129399328,9556.01112433635,39.509994937021474,10.0,10.0,29.509994937021474
5,C,9548.0979125836,9622.935540163748,74.83762758014745,10.0,10.0,64.83762758014745
2,B,9556.014624334344,9633.862728691678,77.8481043573338,10.0,10.0,67.8481043573338
5,C,9622.939040161742,9644.931481431695,21.992441269952906,10.0,10.0,11.992441269952906
6,B,9625.57005311202,9645.471259762762,19.901206650742097,10.0,10.0,9.901206650742097
5,A,9644.93498142969,9684.09287504634,39.15789361665156,10.0,10.0,29.157893616651563
0,B,9682.967002887966,9704.69593501414,21.728932126174186,10.0,10.0,11.728932126174186
1,B,9699.181897420009,9718.267074951544,19.08517753153501,10.0,10.0,9.08517753153501
4,C,9652.739333516949,9730.613781376245,77.8744478592962,10.0,10.0,67.8744478592962
2,B,9727.045790982354,9748.29016110066,21.244370118305596,10.0,10.0,11.244370118305596
6,A,9726.528410246177,9758.879739089269,32.35132884309132,10.0,10.0,22.351328843091324
6,B,9758.883239087263,9793.843727169466,34.96048808220257,10.0,10.0,24.960488082202573
5,B,9792.107556344623,9816.332779194656,24.22522285003288,10.0,10.0,14.225222850032878
4,C,9730.61728137424,9819.937161558822,89.31988018458287,10.0,10.0,79.31988018458287
1,C,9814.796063389522,9847.284524908036,32.48846151851467,10.0,10.0,22.48846151851467
2,C,9845.433775455125,9931.33777291232,85.90399745719515,10.0,10.0,75.90399745719515
2,C,9931.341272910315,9941.341272910315,10.0,10.0,10.0,0.0
6,B,9886.010222279781,9972.800507421947,86.79028514216589,10.0,10.0,76.79028514216589
1,C,9932.481963231941,10026.027536262316,93.54557303037473,10.0,10.0,83.54557303037473
6,B,9972.804007419942,10042.351196592717,69.54718917277569,10.0,10.0,59.54718917277569
1,A,10026.03103626031,10092.87322511933,66.8421888590201,10.0,10.0,56.8421888590201
2,C,10029.809685606737,10109.348773810614,79.53908820387733,10.0,10.0,69.53908820387733
5,C,10106.929515074466,10119.348773810614,12.41925873614855,12.41925873614855,10.0,2.4192587361485494
7,C,10114.159640103751,10151.107752743954,36.94811264020245,10.0,10.0,26.948112640202453
1,B,10092.876725117325,10159.625373301296,66.74864818397145,10.0,10.0,56.748648183971454
7,C,10151.111252741948,10174.148907083789,23.037654341840607,10.0,10.0,13.037654341840607
6,A,10134.129463651056,10205.734808701067,71.60534505001124,10.0,10.0,61.60534505001124
6,B,10205.738308699061,10274.52911037166,68.79080167259963,10.0,10.0,58.79080167259963
6,A,10274.532610369655,10284.532610369655,10.0,10.0,10.0,0.0
7,A,10285.401255903782,10295.401255903782,10.0,10.0,10.0,0.0
3,C,10204.780436808946,10297.019318382054,92.2388815731083,10.0,10.0,82.2388815731083
6,B,10284.53611036765,10305.019779807893,20.48366944024383,10.0,10.0,10.48366944024383
7,B,10295.404755901776,10316.626298743575,21.22154284179851,10.0,10.0,11.22154284179851
4,C,10324.751012917273,10347.995276480855,23.244263563581626,10.0,10.0,13.244263563581626
1,C,10339.285967717331,10357.995276480855,18.70930876352395,18.70930876352395,10.0,8.70930876352395
4,A,10347.99877647885,10370.085187883175,22.08641140432519,10.0,10.0,12.08641140432519
0,B,10315.99780335168,10394.902322591104,78.90451923942419,10.0,10.0,68.90451923942419
0,B,10394.905822589099,10431.579833495833,36.67401090673411,10.0,10.0,26.67401090673411
1,A,10468.310797933087,10491.046899149285,22.73610121619822,10.0,10.0,12.736101216198222
6,B,10421.702976315943,10500.635859994109,78.93288367816604,10.0,10.0,68.93288367816604
5,C,10433.468085040013,10517.608125095563,84.14004005555034,10.0,10.0,74.14004005555034
5,A,10517.611625093557,10533.235733571233,15.62410847767569,10.0,10.0,5.624108477675691
1,B,10491.05039914728,10533.477423088862,42.427023941581865,10.0,10.0,32.427023941581865
5,B,10533.239233569228,10575.666151867537,42.42691829830983,10.0,10.0,32.42691829830983
6,C,10588.74731392786,10598.74731392786,10.0,10.0,10.0,0.0
5,A,10575.669651865532,10599.50386777283,23.83421590729813,10.0,10.0,13.83421590729813
5,C,10599.507367770824,10632.870393891024,33.36302612019972,10.0,10.0,23.36302612019972
6,A,10598.750813925855,10668.117601472504,69.366787546649,10.0,10.0,59.36678754664899
4,B,10578.96916966194,10670.905050956235,91.93588129429554,10.0,10.0,81.93588129429554
6,A,10668.121101470499,10685.552296960677,17.431195490178652,10.0,10.0,7.431195490178652
0,B,10661.46120445568,10696.39068572118,34.929481265500726,10.0,10.0,24.929481265500726
6,C,10685.555796958672,10704.229003412447,18.673206453775492,10.0,10.0,8.673206453775492
0,C,10696.394185719175,10737.139704137582,40.7455184184073,10.0,10.0,30.7455184184073
5,A,10723.791464980062,10745.281378036843,21.489913056781006,10.0,10.0,11.489913056781006
0,A,10737.143204135577,10774.088883532402,36.94567939682565,10.0,10.0,26.945679396825653
6,B,10704.232503410441,10786.51563927524,82.28313586479817,10.0,10.0,72.28313586479817
6,B,10786.519139273234,10829.22682307359,42.70768380035588,10.0,10.0,32.70768380035588
6,B,10829.230323071584,10847.044323293325,17.81400022174057,10.0,10.0,7.814000221740571
2,B,10841.482056864135,10861.810801019376,20.3287441552402,10.0,10.0,10.328744155240202
6,C,10847.04782329132,10869.398373678212,22.35055038689279,10.0,10.0,12.350550386892792
0,B,10856.446303844417,10877.208756094138,20.76245224972081,10.0,10.0,10.762452249720809
2,A,10861.81430101737,10883.447451153372,21.63315013600186,10.0,10.0,11.63315013600186
0,B,10877.212256092133,10946.180583496165,68.9683274040326,10.0,10.0,58.96832740403261
1,B,10942.953055262851,10962.184747412892,19.231692150040544,10.0,10.0,9.231692150040544
0,A,10946.18408349416,10991.717032076845,45.532948582686004,10.0,10.0,35.532948582686004
1,C,10962.188247410886,11038.700946981971,76.51269957108525,10.0,10.0,66.51269957108525
7,B,10959.617279447699,11045.455186539202,85.83790709150344,10.0,10.0,75.83790709150344
1,C,11038.704446979966,11048.704446979966,10.0,10.0,10.0,0.0
7,A,11045.458686537197,11064.014635498952,18.555948961755348,10.0,10.0,8.555948961755348
6,A,11070.350797103572,11089.197185688328,18.846388584755914,10.0,10.0,8.846388584755914
6,A,11089.200685686323,11113.258403930564,24.057718244241187,10.0,10.0,14.057718244241187
1,B,11048.70794697796,11120.468055340045,71.7601083620848,10.0,10.0,61.76010836208479
1,B,11120.47155533804,11167.266876890235,46.795321552195674,10.0,10.0,36.795321552195674
1,A,11167.27037688823,11188.747384835886,21.477007947656602,10.0,10.0,11.477007947656602
6,C,11113.261903928558,11192.851159379481,79.58925545092279,10.0,10.0,69.58925545092279
1,A,11188.75088483388,11198.75088483388,10.0,10.0,10.0,0.0
6,C,11192.854659377475,11214.639294070552,21.78463469307644,10.0,10.0,11.784634693076441
7,B,11162.203822947138,11236.998445948404,74.79462300126579,10.0,10.0,64.79462300126579
6,A,11214.642794068546,11248.470844727497,33.828050658950815,10.0,10.0,23.828050658950815
7,C,11237.001945946398,11261.064803145404,24.06285719900552,10.0,10.0,14.06285719900552
6,A,11248.474344725491,11264.659772621058,16.185427895567045,10.0,10.0,6.185427895567045
3,B,11227.549217971238,11300.871125466925,73.3219074956869,10.0,10.0,63.3219074956869
6,C,11264.663272619053,11310.262044316,45.59877169694664,10.0,10.0,35.59877169694664
3,A,11300.87462546492,11319.580390615756,18.70576515083667,10.0,10.0,8.705765150836669
4,B,11291.694218569679,11355.569022252383,63.874803682703714,10.0,10.0,53.874803682703714
4,B,11355.572522250377,11386.403882337881,30.831360087504436,10.0,10.0,20.831360087504436
3,A,11319.58389061375,11407.690141770954,88.10625115720359,10.0,10.0,78.10625115720359
4,B,11386.407382335876,11429.239161549665,42.83177921378956,10.0,10.0,32.83177921378956
3,A,11407.693641768949,11430.609226687724,22.915584918775494,10.0,10.0,12.915584918775494
4,A,11429.24266154766,11440.609226687724,11.366565140064267,11.366565140064267,10.0,1.3665651400642673
6,B,11419.250950372903,11464.04044873482,44.78949836191714,10.0,10.0,34.78949836191714
7,B,11458.41203404677,11477.04405750315,18.632023456379102,10.0,10.0,8.632023456379102
3,C,11430.612726685718,11517.59596434572,86.98323766000249,10.0,10.0,76.98323766000249
7,B,11477.047557501144,11561.985254323172,84.93769682202765,10.0,10.0,74.93769682202765
2,B,11566.12816796387,11585.178444559662,19.05027659579173,10.0,10.0,9.050276595791729
7,A,11561.988754321166,11601.265708398389,39.2769540772224,10.0,10.0,29.2769540772224
7,A,11601.269208396383,11623.61447564074,22.345267244356364,10.0,10.0,12.345267244356364
4,C,11556.458970720385,11629.488085855228,73.02911513484287,10.0,10.0,63.02911513484287
5,B,11590.134390946265,11666.981094744491,76.84670379822637,10.0,10.0,66.84670379822637
5,C,11666.984594742486,11712.547071109531,45.56247636704575,10.0,10.0,35.56247636704575
2,A,11677.982610218676,11758.485859352353,80.50324913367695,10.0,10.0,70.50324913367695
1,B,11679.8000150979,11758.63122754281,78.8312124449094,10.0,10.0,68.8312124449094
1,C,11758.634727540804,11780.314641774861,21.679914234056923,10.0,10.0,11.679914234056923
2,B,11758.489359350348,11802.322232204237,43.83287285388906,10.0,10.0,33.83287285388906
1,A,11780.318141772856,11823.590423053936,43.27228128108072,10.0,10.0,33.27228128108072
0,B,11820.914768205928,11839.623033832815,18.708265626886714,10.0,10.0,8.708265626886714
1,C,11823.59392305193,11841.642938204786,18.049015152855645,10.0,10.0,8.049015152855645
7,B,11836.538274631701,11849.623033832815,13.084759201114139,13.084759201114139,10.0,3.0847592011141387
0,B,11839.62653383081,11859.623033832815,19.996500002005632,19.996500002005632,10.0,9.996500002005632
7,C,11849.624274629077,11869.546043074286,19.921768445208727,10.0,10.0,9.921768445208727
1,A,11841.64643820278,11880.858974779127,39.21253657634588,10.0,10.0,29.212536576345883
7,C,11869.54954307228,11886.603285045367,17.05374197308629,10.0,10.0,7.053741973086289
4,B,11839.979032618707,11914.616245490437,74.6372128717303,10.0,10.0,64.6372128717303
4,B,11914.619745488431,11951.994304933069,37.37455944463727,10.0,10.0,27.37455944463727
7,A,11886.606785043361,11965.333603789319,78.72681874595764,10.0,10.0,68.72681874595764
1,C,11880.862474777121,11974.5626281707,93.70015339357815,10.0,10.0,83.70015339357815
6,B,11966.421876902927,11989.971947609401,23.5500707064748,10.0,10.0,13.550070706474798
1,C,11974.566128168693,11997.07509402152,22.508965852826805,10.0,10.0,12.508965852826805
7,A,11965.337103787313,12011.876180873194,46.53907708588122,10.0,10.0,36.53907708588122
1,B,11997.078594019515,12021.52418029852,24.44558627900551,10.0,10.0,14.44558627900551
6,C,11989.975447607396,12079.432210322258,89.45676271486263,10.0,10.0,79.45676271486263
5,A,12009.233139721948,12090.836062315002,81.60292259305425,10.0,10.0,71.60292259305425
1,B,12021.527680296515,12109.970894120834,88.44321382431917,10.0,10.0,78.44321382431917
5,A,12090.839562312996,12133.074848511262,42.235286198265385,10.0,10.0,32.235286198265385
5,C,12133.078348509256,12172.355088331024,39.27673982176748,10.0,10.0,29.276739821767478
1,B,12109.974394118828,12177.695219208936,67.72082509010761,10.0,10.0,57.72082509010761
5,B,12172.358588329018,12187.695219208936,15.33663087991772,15.33663087991772,10.0,5.3366308799177204
5,A,12187.699088325942,12202.942025888951,15.242937563009036,10.0,10.0,5.242937563009036
1,B,12177.69871920693,12218.359843429753,40.661124222822764,10.0,10.0,30.661124222822764
6,A,12195.188751582396,12231.099832066315,35.91108048391834,10.0,10.0,25.91108048391834
1,C,12218.363343427747,12242.079555391516,23.71621196376873,10.0,10.0,13.716211963768728
3,B,12221.904930997662,12261.698396487544,39.79346548988178,10.0,10.0,29.793465489881783
3,B,12261.701896485538,12271.701896485538,10.0,10.0,10.0,0.0
6,A,12231.10333206431,12277.95136363906,46.848031574751076,10.0,10.0,36.848031574751076
0,B,12272.865895075001,12291.19478455944,18.32888948443906,10.0,10.0,8.32888948443906
3,C,12271.705396483532,12318.024429435949,46.31903295241682,10.0,10.0,36.31903295241682
5,A,12310.481583293007,12344.801687353713,34.32010406070549,10.0,10.0,24.32010406070549
5,C,12344.805187351707,12360.931546187172,16.126358835465,10.0,10.0,6.126358835464998
0,B,12291.198284557435,12369.153018432631,77.95473387519633,10.0,10.0,67.95473387519633
1,A,12361.120593914098,12377.754727180376,16.634133266277786,10.0,10.0,6.634133266277786
4,C,12364.581663651234,12382.757559337451,18.1758956862177,10.0,10.0,8.1758956862177
5,B,12360.935046185166,12395.602490067566,34.66744388239931,10.0,10.0,24.66744388239931
6,B,12388.002200623258,12406.302789315494,18.300588692236488,10.0,10.0,8.300588692236488
5,A,12395.60599006556,12412.113573550232,16.507583484672068,10.0,10.0,6.507583484672068
6,C,12406.306289313488,12423.322941139357,17.016651825868394,10.0,10.0,7.016651825868394
7,A,12407.178451588588,12451.683358032928,44.50490644433921,10.0,10.0,34.50490644433921
7,A,12451.686858030922,12461.686858030922,10.0,10.0,10.0,0.0
5,B,12412.117073548226,12502.894756644779,90.77768309655221,10.0,10.0,80.77768309655221
1,B,12496.327570453104,12520.529726078174,24.20215562506928,10.0,10.0,14.202155625069281
3,A,12511.004519417722,12530.250330880473,19.24581146275159,10.0,10.0,9.24581146275159
6,B,12519.230589113624,12537.06520688699,17.834617773365608,10.0,10.0,7.834617773365608
5,C,12502.898256642773,12579.939882296805,77.04162565403203,10.0,10.0,67.04162565403203
7,B,12559.59925995119,12584.070773933772,24.47151398258211,10.0,10.0,14.47151398258211
6,A,12537.068706884984,12585.357793502912,48.28908661792775,10.0,10.0,38.28908661792775
5,B,12579.9433822948,12600.524802935439,20.581420640639408,10.0,10.0,10.581420640639408
7,A,12584.074273931767,12607.406964317182,23.332690385415845,10.0,10.0,13.332690385415845
5,A,12600.528302933433,12637.156364377644,36.6280614442112,10.0,10.0,26.6280614442112
1,B,12607.344556482414,12645.860429435636,38.51587295322133,10.0,10.0,28.515872953221333
5,A,12637.159864375639,12647.159864375639,10.0,10.0,10.0,0.0
1,B,12645.86392943363,12689.15197169823,43.288042264599426,10.0,10.0,33.288042264599426
5,A,12647.163364373633,12693.969103848853,46.805739475219525,10.0,10.0,36.805739475219525
1,A,12689.155471696224,12728.384832836578,39.22936114035474,10.0,10.0,29.22936114035474
3,C,12634.457045741025,12729.157349851794,94.70030411076914,10.0,10.0,84.70030411076914
7,B,12715.684229125342,12737.615572849363,21.931343724021644,10.0,10.0,11.931343724021644
4,B,12732.498754432581,12749.620992204253,17.12223777167128,10.0,10.0,7.12223777167128
3,A,12729.160849849788,12752.462720956368,23.30187110657971,10.0,10.0,13.30187110657971
3,A,12752.466220954362,12762.466220954362,10.0,10.0,10.0,0.0
0,B,12766.864333960488,12776.864333960488,10.0,10.0,10.0,0.0
4,C,12749.624492202247,12779.093141004489,29.46864880224166,10.0,10.0,19.46864880224166
0,A,12776.867833958482,12812.514514619143,35.64668066066042,10.0,10.0,25.646680660660422
5,C,12804.828372706064,12824.299246028811,19.47087332274714,10.0,10.0,9.470873322747138
0,B,12812.518014617137,12828.587019907533,16.06900529039558,10.0,10.0,6.06900529039558
5,C,12824.302746026806,12870.393744968691,46.09099894188512,10.0,10.0,36.09099894188512
7,A,12844.346004013321,12876.94899141949,32.60298740616781,10.0,10.0,22.602987406167813
5,A,12870.397244966685,12886.94899141949,16.551746452803854,16.551746452803854,10.0,6.5517464528038545
7,B,12876.952491417484,12886.952491417484,10.0,10.0,10.0,0.0
7,B,12886.955991415478,12932.72571184617,45.76972043069145,10.0,10.0,35.76972043069145
0,C,12909.79960892362,12954.108232594019,44.30862367039845,10.0,10.0,34.30862367039845
2,A,12874.418188902428,12964.986432041836,90.56824313940888,10.0,10.0,80.56824313940888
0,B,12954.111732592013,12977.605183521837,23.493450929823666,10.0,10.0,13.493450929823666
2,A,12964.98993203983,12982.069779061969,17.079847022137983,10.0,10.0,7.079847022137983
0,C,12977.608683519831,12987.608683519831,10.0,10.0,10.0,0.0
0,C,12987.612183517826,13006.372466401672,18.76028288384623,10.0,10.0,8.76028288384623
0,B,13006.375966399666,13036.450147843476,30.07418144380972,10.0,10.0,20.07418144380972
4,A,12977.129127013544,13076.14017482235,99.01104780880632,10.0,10.0,89.01104780880632
2,A,13076.484864460374,13098.398405407946,21.913540947572983,10.0,10.0,11.913540947572983
6,A,13097.922831385627,13120.85243476913,22.92960338350167,10.0,10.0,12.929603383501671
7,C,13048.361071260799,13134.117270784607,85.75619952380839,10.0,10.0,75.75619952380839
6,A,13120.855934767123,13205.570570556527,84.71463578940347,10.0,10.0,74.71463578940347
7,B,13134.120770782602,13213.209296293197,79.08852551059499,10.0,10.0,69.08852551059499
6,A,13205.574070554521,13215.574070554521,10.0,10.0,10.0,0.0
3,C,13152.3823131975,13225.562287201272,73.17997400377135,10.0,10.0,63.17997400377135
6,C,13215.577570552516,13254.913266046511,39.335695493995445,10.0,10.0,29.335695493995445
6,B,13254.916766044505,13273.11449789097,18.197731846465103,10.0,10.0,8.197731846465103
7,A,13213.21279629119,13284.54476925919,71.33197296799881,10.0,10.0,61.33197296799881
4,C,13270.879612952112,13353.806139805767,82.92652685365465,10.0,10.0,72.92652685365465
0,A,13320.664087398509,13360.902381746819,40.238294348309864,10.0,10.0,30.238294348309864
4,A,13353.809639803761,13371.931318939553,18.121679135791055,10.0,10.0,8.121679135791055
7,C,13368.475998480684,13378.475998480684,10.0,10.0,10.0,0.0
5,A,13367.327875823757,13381.931318939553,14.603443115795017,14.603443115795017,10.0,4.603443115795017
7,A,13378.479498478679,13425.547815996279,47.06831751760001,10.0,10.0,37.06831751760001
4,C,13371.934818937547,13439.038922857115,67.10410391956793,10.0,10.0,57.10410391956793
7,B,13425.551315994273,13445.047058436332,19.495742442059054,10.0,10.0,9.495742442059054
4,A,13439.04242285511,13457.017980805813,17.97555795070366,10.0,10.0,7.97555795070366
4,A,13457.021480803807,13473.83760876706,16.816127963253166,10.0,10.0,6.816127963253166
5,A,13471.694333230791,13489.064528865709,17.370195634917764,10.0,10.0,7.3701956349177635
7,B,13445.050558434326,13490.646267393975,45.59570895964862,10.0,10.0,35.59570895964862
3,C,13442.789297993693,13491.336045810387,48.54674781669382,10.0,10.0,38.54674781669382
2,C,13483.538490512357,13505.831914686834,22.293424174476968,10.0,10.0,12.293424174476968
0,A,13479.902913718155,13511.422541586971,31.519627868816315,10.0,10.0,21.519627868816315
6,C,13496.259515276204,13542.379358230906,46.11984295470211,10.0,10.0,36.11984295470211
0,A,13511.426041584966,13585.391576242728,73.96553465776196,10.0,10.0,63.965534657761964
7,C,13575.852631998869,13595.186912804842,19.33428080597332,10.0,10.0,9.334280805973322
0,A,13585.395076240722,13624.371288497257,38.97621225653529,10.0,10.0,28.97621225653529
4,C,13590.309415209515,13627.680743010844,37.371327801329244,10.0,10.0,27.371327801329244
6,B,13542.3828582289,13630.214123856656,87.83126562775578,10.0,10.0,77.83126562775578
0,B,13624.374788495252,13640.214123856656,15.839335361404665,15.839335361404665,10.0,5.839335361404665
4,C,13627.684243008838,13708.317984976044,80.63374196720542,10.0,10.0,70.63374196720542
3,A,13691.22637963223,13712.119258170927,20.892878538697914,10.0,10.0,10.892878538697914
4,C,13708.321484974038,13744.621843495413,36.30035852137553,10.0,10.0,26.30035852137553
3,B,13712.122758168922,13755.508535290606,43.38577712168444,10.0,10.0,33.38577712168444
4,C,13744.625343493408,13765.57260248678,20.94725899337209,10.0,10.0,10.947258993372088
4,C,13765.576102484774,13781.933804248352,16.357701763578007,10.0,10.0,6.357701763578007
7,A,13709.496676415838,13792.819114761302,83.32243834546352,10.0,10.0,73.32243834546352
5,A,13814.529290025946,13846.627010198672,32.09772017272553,10.0,10.0,22.09772017272553
7,C,13792.822614759296,13869.745252963437,76.92263820414155,10.0,10.0,66.92263820414155
4,B,13781.937304246347,13870.014301917643,88.07699767129634,10.0,10.0,78.07699767129634
4,B,13870.017801915637,13886.374842600528,16.357040684890308,10.0,10.0,6.357040684890308
3,A,13864.237139065775,13904.756692483286,40.519553417510906,10.0,10.0,30.519553417510906
4,C,13886.378342598522,13919.380295207977,33.00195260945475,10.0,10.0,23.001952609454747
3,B,13904.76019248128,13986.830633990463,82.07044150918227,10.0,10.0,72.07044150918227
4,C,13919.383795205971,13994.3449248126,74.96112960662867,10.0,10.0,64.96112960662867
4,B,13994.348424810594,14010.934311809491,16.585886998896967,10.0,10.0,6.585886998896967
7,A,13981.117746703569,14016.577987341258,35.46024063768891,10.0,10.0,25.460240637688912
3,C,13986.834133988457,14026.606120231392,39.77198624293487,10.0,10.0,29.771986242934872
3,C,14026.609620229387,14046.03132381477,19.42170358538351,10.0,10.0,9.421703585383511
3,C,14046.034823812764,14069.114061791988,23.079237979223763,10.0,10.0,13.079237979223763
7,A,14016.581487339252,14098.135312764027,81.55382542477491,10.0,10.0,71.55382542477491
2,C,14093.821412817928,14112.304347916766,18.482935098838425,10.0,10.0,8.482935098838425
4,C,14123.964004399297,14146.348148667606,22.384144268309683,10.0,10.0,12.384144268309683
5,B,14056.024657001852,14146.669467172382,90.64481017053004,10.0,10.0,80.64481017053004
0,C,14137.548231608998,14212.67942120101,75.13118959201165,10.0,10.0,65.13118959201165
0,C,14212.682921199004,14236.498123642841,23.815202443836824,10.0,10.0,13.815202443836824
3,A,14173.346209898771,14239.02943636034,65.68322646156957,10.0,10.0,55.683226461569575
4,C,14229.433840096872,14249.299470754297,19.865630657424845,10.0,10.0,9.865630657424845
2,B,14206.30081988631,14293.702404662772,87.40158477646219,10.0,10.0,77.40158477646219
0,A,14236.501623640836,14304.94372290518,68.4420992643445,10.0,10.0,58.442099264344506
4,C,14249.302970752291,14335.540677806797,86.23770705450625,10.0,10.0,76.23770705450625
4,C,14335.544177804792,14356.515611259907,20.971433455115402,10.0,10.0,10.971433455115402
0,A,14304.947222903174,14380.668741997439,75.7215190942643,10.0,10.0,65.7215190942643
7,B,14294.349447479972,14381.633753373397,87.28430589342497,10.0,10.0,77.28430589342497
2,A,14410.618284075885,14428.667329532722,18.04904545683712,10.0,10.0,8.04904545683712
7,C,14381.637253371391,14452.42038635131,70.78313297991917,10.0,10.0,60.78313297991917
4,B,14463.920408085727,14488.546864107748,24.626456022020648,10.0,10.0,14.626456022020648
3,A,14438.954545759165,14520.47812461596,81.52357885679521,10.0,10.0,71.52357885679521
2,C,14529.482043320979,14544.813809553909,15.331766232930022,10.0,10.0,5.331766232930022
4,B,14488.550364105742,14569.913912877088,81.36354877134545,10.0,10.0,71.36354877134545
2,A,14544.817309551903,14583.046534630857,38.22922507895419,10.0,10.0,28.229225078954187
2,C,14583.050034628852,14605.251491707968,22.201457079116153,10.0,10.0,12.201457079116153
2,A,14605.254991705962,14685.377775497136,80.12278379117379,10.0,10.0,70.12278379117379
3,B,14607.17068227388,14693.388247072957,86.21756479907708,10.0,10.0,76.21756479907708
7,A,14683.078625982836,14719.708834594474,36.6302086116375,10.0,10.0,26.6302086116375
7,B,14719.712334592468,14746.956193380047,27.243858787578574,10.0,10.0,17.243858787578574
7,B,14746.959693378041,14787.28654459847,40.32685122042858,10.0,10.0,30.32685122042858
7,B,14787.290044596464,14833.473363663465,46.18331906700041,10.0,10.0,36.18331906700041
2,A,14768.204653933824,14845.069399523427,76.86474558960253,10.0,10.0,66.86474558960253
2,A,14845.072899521421,14928.490742462758,83.41784294133686,10.0,10.0,73.41784294133686
2,A,14928.494242460753,15002.854941702219,74.36069924146614,10.0,10.0,64.36069924146614
2,A,15002.858441700213,15038.612626178392,35.75418447817901,10.0,10.0,25.754184478179013
2,C,15038.616126176386,15057.053693803316,18.437567626930104,10.0,10.0,8.437567626930104
7,A,15046.844881373227,15066.518849361593,19.673967988366712,10.0,10.0,9.673967988366712
2,B,15057.05719380131,15072.737684232763,15.6804904314522,10.0,10.0,5.680490431452199
7,B,15066.522349359588,15091.342123918419,24.81977455883134,10.0,10.0,14.819774558831341
2,C,15072.741184230757,15117.79988799496,45.05870376420171,10.0,10.0,35.05870376420171
7,B,15091.345623916413,15118.394490144105,27.048866227691178,10.0,10.0,17.048866227691178
3,A,15113.095625680924,15135.731854625801,22.636228944877075,10.0,10.0,12.636228944877075
2,B,15117.803387992954,15198.011831112071,80.20844311911787,10.0,10.0,70.20844311911787
3,A,15135.735354623796,15215.783844595655,80.04848997185945,10.0,10.0,70.04848997185945
7,A,15214.99994070594,15284.387999324812,69.38805861887158,10.0,10.0,59.38805861887158
7,A,15284.391499322806,15307.840243130211,23.448743807404753,10.0,10.0,13.448743807404753
2,A,15298.62890666677,15317.840243130211,19.211336463440603,13.047637603987823,10.0,9.211336463440603
7,B,15307.843743128205,15382.36190257189,74.51815944368536,10.0,10.0,64.51815944368536
2,A,15317.842605523607,15389.613558324058,71.77095280045069,10.0,10.0,61.77095280045069
3,A,15388.324533462168,15408.988020880704,20.663487418536533,10.0,10.0,10.663487418536533
3,B,15408.991520878699,15457.166060985483,48.17454010678375,10.0,10.0,38.17454010678375
3,A,15457.169560983477,15488.602982461785,31.433421478308446,10.0,10.0,21.433421478308446
3,B,15488.60648245978,15498.60648245978,10.0,10.0,10.0,0.0
2,A,15480.829266205566,15561.407236163714,80.57796995814715,10.0,10.0,70.57796995814715
2,C,15561.410736161708,15648.706229781394,87.29549361968566,10.0,10.0,77.29549361968566
3,A,15593.574360195544,15673.920815128316,80.34645493277276,10.0,10.0,70.34645493277276
2,B,15648.709729779388,15685.645571369234,36.93584158984595,10.0,10.0,26.93584158984595
3,C,15673.92431512631,15709.032445968316,35.10813084200527,10.0,10.0,25.108130842005266
3,C,15709.03594596631,15725.934341814014,16.898395847703796,10.0,10.0,6.898395847703796
3,B,15725.937841812009,15755.907891746532,29.97004993452356,10.0,10.0,19.97004993452356
2,A,15685.649071367228,15767.031895992137,81.38282462490861,10.0,10.0,71.38282462490861
3,A,15854.259658874456,15877.498937247126,23.239278372670015,10.0,10.0,13.239278372670015
3,C,15877.50243724512,15896.118577583353,18.61614033823207,10.0,10.0,8.616140338232071
3,A,15896.122077581347,15906.122077581347,10.0,10.0,10.0,0.0
3,A,15906.125577579342,15926.908006994154,20.782429414812214,10.0,10.0,10.782429414812214
3,A,15926.911506992148,15949.100215007413,22.188708015264638,10.0,10.0,12.188708015264638
3,B,15949.103715005407,16022.42190181438,73.31818680897231,10.0,10.0,63.318186808972314
